item,description,manufacturer,mpn,quantity,specification,notes,source
VH_HOUSING,Power harness mating housing,JST,VHR-2N,3,2 positions 3.96 mm pitch,"One each for J1, J103 and J203 ",https://www.jst.com/wp-content/uploads/2021/08/eVH.pdf
VH_CONTACT,Power harness crimp contact,JST,SVH-41T-P1.1,6,20 to 16 AWG; insulation diameter 1.7 to 3.0 mm; use matching crimp tooling,Two contacts per VH housing; 16 AWG AUX feed; 20 AWG or larger main leads within the contact range,https://www.jst.com/wp-content/uploads/2021/08/eVH.pdf
AUX_HARNESS,Dedicated AUX branch harness,Custom assembly,,1,Short 16 AWG +5 V and ground pair; positive direct to J1 pin 1; ground direct to J1 pin 2; 15 cm one-way design target,F1 cartridge and holder are in PCB BOM; no extra inline holder. This incoming pair and J1-to-F1 trace are upstream of F1 and not protected by it. Insulate and secure against abrasion; console and ring use a separate branch.,
CONTROL_HOUSING,Console-to-screen control lead mating housings,JST,XHP-2,2,2 positions 2.50 mm pitch,One housing at console J25 and one at screen J2 ,https://www.jst.com/wp-content/uploads/2021/01/eXH.pdf
CONTROL_CONTACT,Console-to-screen control lead crimp contacts,JST,SXH-001T-P0.6,4,28 to 22 AWG; insulation diameter 0.9 to 1.9 mm; use suitable 22 AWG wire and matching crimp tooling,Two contacts per XHP-2 housing; four total for one lead,https://www.jst.com/wp-content/uploads/2021/01/eXH.pdf
CONTROL_HARNESS,Console-to-screen GPIO control lead,Custom assembly,,1,One short 22 AWG two-wire lead; pin 1 GPIO17 and pin 2 GND at both ends,Console J25 to screen J2; existing Pi-to-console ribbon unchanged; housings and contacts above,
USB_HOST,USB-A male donor tails to XH5 data plugs,Owner assembly / suitable existing USB donor,,2,At most 30 cm per completed host tail; shielded USB 2.0 high-speed cable; actual conductor gauge and insulation diameter must fit selected crimp contacts,J101/J201 to Pi USB-A ports; VBUS only drives host-presence sense; XH map 1 VBUS 2 D- 3 D+ 4 GND 5 shield; measured enclosure route must fit length limit; do not assume existing donor ratings; see README,
USB_TOUCH_MAIN,USB-C male donor tail to XH5 data plug,Owner assembly / suitable existing USB donor,,1,At most 25 cm completed tail; shielded USB 2.0 high-speed A-to-C donor with factory legacy-source plug; actual conductor gauge and insulation diameter must fit selected crimp contacts,J102 to UPERFECT touch; retain factory 56 kilohm Rp in USB-C plug; 500 mA touch allocation; not main power; XH map 1 VBUS 2 D- 3 D+ 4 GND 5 shield; measured enclosure route must fit length limit; do not assume existing donor ratings; see README,
USB_TOUCH_7,Micro-B male donor tail to XH5 data plug,Owner assembly / suitable existing USB donor,,1,At most 30 cm completed tail; shielded USB 2.0 high-speed A-to-Micro-B donor; actual conductor gauge and insulation diameter must fit selected crimp contacts,J202 to APROTII touch; 500 mA touch allocation; not main power; XH map 1 VBUS 2 D- 3 D+ 4 GND 5 shield; measured enclosure route must fit length limit; do not assume existing donor ratings; see README,
USB_XH_HOUSING,Five-position USB harness mating housing,JST,XHP-5,4,5 positions 2.50 mm pitch,One per J101/J102/J201/J202; all five conductors disconnect together; no separate PCB shield solder connection,https://www.jst-mfg.com/product/pdf/eng/eXH.pdf
USB_XH_CONTACT,Five-position USB harness crimp contacts,JST,SXH-001T-P0.6,20,28 to 22 AWG; insulation diameter 0.9 to 1.9 mm; matching crimp tooling,Five new contacts per USB plug including shield; verify actual donor conductor and insulation dimensions; short insulated shield termination must also fit contact limits; do not use loose braid as power return,https://www.jst-mfg.com/product/pdf/eng/eXH.pdf
USB_POWER_MAIN,Main screen power lead retaining the known-working screen termination,Custom assembly / retained screen plug,,1,J103 VH2 to UPERFECT USB-C; no more than 30 cm; positive AND return 20 AWG or larger; 3 A-rated terminations,VHR-2N and SVH-41T-P1.1 for 20-16 AWG; preserve working plug and any CC/attachment electronics; existing cable gauge not yet recorded; no unspecified charge-only or 28 AWG data lead,
USB_POWER_7,Main screen power lead retaining the known-working screen termination,Custom assembly / retained screen plug,,1,J203 VH2 to APROTII Micro-B or verified power pads; no more than 30 cm; positive AND return 20 AWG or larger; 3 A-rated terminations,VHR-2N and SVH-41T-P1.1 for 20-16 AWG; preserve working plug and any CC/attachment electronics; existing cable gauge not yet recorded; no unspecified charge-only or 28 AWG data lead,
HDMI,Existing display video cables,Reuse existing,,2,Existing Pi-to-display HDMI connections,Unchanged wiring; test residual HDMI power with main and touch off,
CARRIER_MOUNT,Board mounting hardware,Select after fit check,,1,Set for four M3 mounting holes,Standoff lengths and enclosure fasteners selected from measured clearance,
